scenario_id,scenario_name,current_registry_status,current_implementation_status,required_data_class,required_data_rationale,required_data_fields,implementation_evidence,missing_data_reason,recommended_action,priority
AB-01,Facilitation Payment,Registered,Unimplemented,E,"급행 수수료(뇌물) 판별을 위한 주관적 법적 검토, 현장 금고 물리 대조 및 출장 목적 정성 평가는 범위 외","expedite_service_invoices_text, customs_broker_contracts",N/A,해외 공무원 대상 소액 급행료(Facilitation Payment) 판별을 위한 주관적 법률 검토 영역,보류,HOLD
AB-02,Shadow Hiring,Registered,Unimplemented,B,"GL 외에 정치적 노출 인물(PEP) 명단, 고객 관계도, 출장 한도 규정 등 보조 마스터 정보 매핑 필요","consultant_agreements_text, pep_list_master, amount",N/A,보조 데이터 모델(정치적 노출 인물 - PEP 리스트 및 사외 자문 계약 원장) 부재,보조 마스터 데이터 매핑표 설계 및 업로드 기능 개발,P2
AB-03,Charitable Conduit,Registered,Unimplemented,B,GL 외에 임직원 특수관계 마스터 또는 단체 기부금/후원금 검증표 등 보조 설정 데이터 필요,"amount, related_parties_master, charity_representatives_registry",N/A,보조 데이터 모델(임직원 및 공직자 재단 관계 매핑 레지스트리) 부재,보조 마스터 데이터 매핑표 설계 및 업로드 기능 개발,P3
AB-04,Excessive Hospitality,Registered,Unimplemented,B,"GL 외에 정치적 노출 인물(PEP) 명단, 고객 관계도, 출장 한도 규정 등 보조 마스터 정보 매핑 필요","amount, attendees_count, travel_entertainment_policy_limits",N/A,보조 데이터 모델(인당 향응 한도 정보 및 고객 관계 매핑표) 부재,보조 마스터 데이터 매핑표 설계 및 업로드 기능 개발,P2
AB-05,Per Diem Abuse,Registered,Unimplemented,B,"GL 외에 정치적 노출 인물(PEP) 명단, 고객 관계도, 출장 한도 규정 등 보조 마스터 정보 매핑 필요","amount, employee_grade_travel_policy_limits",N/A,보조 데이터 모델(출장 여비 한도 규정 테이블) 부재,보조 마스터 데이터 매핑표 설계 및 업로드 기능 개발,P2
AB-06,Third-Party High Commission,Registered,Unimplemented,B,"GL 외에 정치적 노출 인물(PEP) 명단, 고객 관계도, 출장 한도 규정 등 보조 마스터 정보 매핑 필요","amount, sales_agent_contract_commission_rate_master",N/A,보조 데이터 모델(외부 대리점/에이전트 계약 요율표 마스터) 부재,보조 마스터 데이터 매핑표 설계 및 업로드 기능 개발,P2
AB-07,Political Contribution Masking,Registered,Unimplemented,B,GL 외에 임직원 특수관계 마스터 또는 단체 기부금/후원금 검증표 등 보조 설정 데이터 필요,"amount, sponsorship_policy_master, political_contributions_rules",N/A,보조 데이터 모델(기부금/후원금 화이트리스트 테이블) 부재,보조 마스터 데이터 매핑표 설계 및 업로드 기능 개발,P3
AB-08,Off-book Account,Registered,Unimplemented,E,"급행 수수료(뇌물) 판별을 위한 주관적 법적 검토, 현장 금고 물리 대조 및 출장 목적 정성 평가는 범위 외","petty_cash_receipts, cash_box_reconciliations",N/A,소액 현금 금고 장부 실물 대조 및 현장 부조리 감사를 위한 오프라인 실사 영역,보류,HOLD
AB-09,Success Fee Anomaly,Registered,Unimplemented,E,"급행 수수료(뇌물) 판별을 위한 주관적 법적 검토, 현장 금고 물리 대조 및 출장 목적 정성 평가는 범위 외",contract_compliance_performance_reports,N/A,계약 즉시 지급된 수수료의 비즈니스 타당성에 대한 정성적 법률 검증 영역,보류,HOLD
AB-10,Training Trip Junket,Registered,Unimplemented,E,"급행 수수료(뇌물) 판별을 위한 주관적 법적 검토, 현장 금고 물리 대조 및 출장 목적 정성 평가는 범위 외","travel_itinerary_details_text, official_meeting_agendas",N/A,공무원 출장 지원 비용의 비즈니스 연관성에 대한 컴플라이언스 정성 판단 영역,보류,HOLD
AML-01,Structuring (Smurfing),Registered,Unimplemented,E,"창구 금융 현금 거래, 국외 세관 서류 분석, 통과 계좌 실시간 스크래핑, 부동산 포렌식 및 가상자산 주소 추적은 완전히 제품 범위 외","cash_deposit_records, atm_transaction_logs",N/A,자금세탁 쪼개기(Structuring) 탐지를 위한 금융권 수준의 창구 거래 및 현금 집행 추적 범위 이탈,보류,HOLD
AML-02,Trade-Based Laundering,Registered,Unimplemented,E,"창구 금융 현금 거래, 국외 세관 서류 분석, 통과 계좌 실시간 스크래핑, 부동산 포렌식 및 가상자산 주소 추적은 완전히 제품 범위 외","international_customs_cargo_invoices, shipping_freight_docs",N/A,무역 기반 자금세탁(TBML) 검증을 위한 해외 세관 인보이스 및 선하증권 실물 대조 불가,보류,HOLD
AML-03,Shell Company Invoice,Registered,Unimplemented,B,GL 외에 페이퍼 컴퍼니 식별용 화이트리스트 및 FATF 고위험 국가 코드 테이블 매핑 필요,"vendor_address_registry, company_website_whitelist",N/A,보조 데이터 모델(유령 회사 식별용 법인 등기부 주소지 데이터베이스) 부재,보조 마스터 데이터 매핑표 설계 및 업로드 기능 개발,P2
AML-04,Flow-Through Account,Registered,Unimplemented,E,"창구 금융 현금 거래, 국외 세관 서류 분석, 통과 계좌 실시간 스크래핑, 부동산 포렌식 및 가상자산 주소 추적은 완전히 제품 범위 외",bank_remittance_flows_realtime,N/A,통과 계좌(Pass-through) 실시간 잔액 감시 및 송수금 홀딩을 위한 은행 코어 시스템 연동 불가,보류,HOLD
AML-05,Early Repayment Anomaly,Registered,Unimplemented,E,"창구 금융 현금 거래, 국외 세관 서류 분석, 통과 계좌 실시간 스크래핑, 부동산 포렌식 및 가상자산 주소 추적은 완전히 제품 범위 외","loan_ledger, creditor_relationship_profiles",N/A,사채/차입금 상환 자금의 실질 원천 추적을 위한 금융 정보 접근 불가 및 정성 분석 영역,보류,HOLD
AML-06,Third-Party Payer,Registered,Unimplemented,E,"창구 금융 현금 거래, 국외 세관 서류 분석, 통과 계좌 실시간 스크래핑, 부동산 포렌식 및 가상자산 주소 추적은 완전히 제품 범위 외",customer_vendor_bank_remittance_names,N/A,제3자 대위변제 식별을 위한 송금 수취 대행사 계약 실물 정보 부재,보류,HOLD
AML-07,Jurisdiction High Risk,Registered,Unimplemented,B,GL 외에 페이퍼 컴퍼니 식별용 화이트리스트 및 FATF 고위험 국가 코드 테이블 매핑 필요,"entity_id (vendor), fatf_highrisk_country_blacklist",N/A,보조 데이터 모델(FATF 고위험 국가 및 제재 국가 코드표) 부재,보조 마스터 데이터 매핑표 설계 및 업로드 기능 개발,P2
AML-08,Integration Signal,Registered,Unimplemented,E,"창구 금융 현금 거래, 국외 세관 서류 분석, 통과 계좌 실시간 스크래핑, 부동산 포렌식 및 가상자산 주소 추적은 완전히 제품 범위 외","luxury_asset_valuation_records, real_estate_escrow_flows",N/A,부동산/미술품 등 실물 자산 통합을 통한 자금세탁 감지 범위 이탈,보류,HOLD
AML-09,Layering Pattern,Registered,Unimplemented,E,"창구 금융 현금 거래, 국외 세관 서류 분석, 통과 계좌 실시간 스크래핑, 부동산 포렌식 및 가상자산 주소 추적은 완전히 제품 범위 외",subsidiary_intercompany_transfers_forensic,N/A,계열사 간 복잡한 다단계 자금 세탁 구조에 대한 정밀 포렌식 감사 영역,보류,HOLD
AML-10,Dark Web Interaction,Registered,Unimplemented,E,"창구 금융 현금 거래, 국외 세관 서류 분석, 통과 계좌 실시간 스크래핑, 부동산 포렌식 및 가상자산 주소 추적은 완전히 제품 범위 외","cryptocurrency_wallet_addresses, threat_intelligence_feeds",N/A,다크웹 거래 및 가상자산 지갑 주소 추적을 위한 외부 블록체인 인텔리전스 인프라 부재,보류,HOLD
CC-01,Merchant Category Fraud,Registered,Unimplemented,C,실제 사용일자 및 승인시간 등은 GL 전표일자 및 기입시간과 상이하므로 카드 승인내역 원천 파일 매칭이 필수적임,"amount, mcc_code_mapping_table, restricted_vendor_keywords",N/A,카드 승인 제한 업종 분류 코드(MCC) 및 가맹점 매핑표 부재,추가 원천 데이터 업로드 테이블 설계 및 파이프라인 개발,P2
CC-02,Personal Grocery Expense,Registered,Unimplemented,C,실제 사용일자 및 승인시간 등은 GL 전표일자 및 기입시간과 상이하므로 카드 승인내역 원천 파일 매칭이 필수적임,"amount, retailer_whitelist_blacklist, vendor_keywords",N/A,마트/grocery 가맹점 실사용 거래 세부 정보 부재,추가 원천 데이터 업로드 테이블 설계 및 파이프라인 개발,P2
CC-03,Cash Withdrawal,Registered,Unimplemented,C,실제 사용일자 및 승인시간 등은 GL 전표일자 및 기입시간과 상이하므로 카드 승인내역 원천 파일 매칭이 필수적임,"amount, event_date, description (cash_withdrawal_mcc)",N/A,카드 승인 내역 내 ATM 현금서비스 식별 인덱스 및 매핑 데이터 부재,추가 원천 데이터 업로드 테이블 설계 및 파이프라인 개발,P2
CC-04,Insurance/Tax Mix,Registered,Unimplemented,C,실제 사용일자 및 승인시간 등은 GL 전표일자 및 기입시간과 상이하므로 카드 승인내역 원천 파일 매칭이 필수적임,"amount, employee_personal_data, chart_of_accounts",N/A,개인 세금/공과금 가맹점 카드 결제 매핑 및 대조 테이블 부재,추가 원천 데이터 업로드 테이블 설계 및 파이프라인 개발,P2
CC-05,Third-party Delivery,Registered,Unimplemented,C,실제 사용일자 및 승인시간 등은 GL 전표일자 및 기입시간과 상이하므로 카드 승인내역 원천 파일 매칭이 필수적임,"amount, employee_home_address_list, corporate_office_addresses",N/A,배달 가맹점 배송지 위치 데이터 및 임직원 주소지 정보 데이터베이스 부재,추가 원천 데이터 업로드 테이블 설계 및 파이프라인 개발,P2
CC-06,Recurring Unvouched,Registered,Unimplemented,C,실제 사용일자 및 승인시간 등은 GL 전표일자 및 기입시간과 상이하므로 카드 승인내역 원천 파일 매칭이 필수적임,"card_receipt_upload_logs, amount, event_date",N/A,법인카드 정산 시스템의 영수증 증빙 첨부 여부 로그 원천 데이터 부재,추가 원천 데이터 업로드 테이블 설계 및 파이프라인 개발,P2
CC-07,Flight Class Violation,Registered,Unimplemented,C,실제 사용일자 및 승인시간 등은 GL 전표일자 및 기입시간과 상이하므로 카드 승인내역 원천 파일 매칭이 필수적임,"amount, employee_grade_master, travel_policy_limits",N/A,항공/철도 가맹점 승인 등급 상세 데이터 및 직급별 규정표 부재,추가 원천 데이터 업로드 테이블 설계 및 파이프라인 개발,P2
CC-08,Hotel Spoilage,Registered,Unimplemented,C,실제 사용일자 및 승인시간 등은 GL 전표일자 및 기입시간과 상이하므로 카드 승인내역 원천 파일 매칭이 필수적임,"amount, hotel_invoice_detail_parser, card_itemization_rules",N/A,호텔 인보이스 상세 항목(미니바/스파 등) 분리 파서 및 매핑표 부재,추가 원천 데이터 업로드 테이블 설계 및 파이프라인 개발,P2
CC-09,Gift Card Laundering,Registered,Unimplemented,C,실제 사용일자 및 승인시간 등은 GL 전표일자 및 기입시간과 상이하므로 카드 승인내역 원천 파일 매칭이 필수적임,"amount, vendor_classification_master, giftcard_vendor_keywords",N/A,편의점/백화점 등 상품권 유통 가능 가맹점의 상세 카드 승인 정보 부재,추가 원천 데이터 업로드 테이블 설계 및 파이프라인 개발,P2
CC-10,Ghost Merchant,Registered,Unimplemented,D,가맹점 사업자 등록번호 실시간 국세청/법원 등기부 상태 API 연동 없이는 신뢰도 있는 탐지 불가,"vendor_business_license_registry, nts_business_status_api, amount",N/A,가맹점 사업자 등록번호 실시간 국세청/법원 등기부 상태 API 연동 부재,국세청 사업자 상태 조회 외부 API 연동 기능 개발,P3
CL-01,FCPA - Success Fee,Registered,Unimplemented,B,"GL 외에 지역별 부패 지수 마스터, UN/OFAC 제재 대상 벤더 데이터베이스 및 경쟁업체 명단 매핑 필요","amount, country_risk_master",N/A,보조 데이터 모델(부패 고위험 지역 국가 리스트 마스터) 부재,보조 마스터 데이터 매핑표 설계 및 업로드 기능 개발,P2
CL-02,GDPR PII Leak,Registered,Unimplemented,E,"PII 파일 스캐닝, 포렌식 계열사 거래 검토, 노무상 불이익 조정 확인 및 SOX 설계 평가서는 회계 감사 범위 제외",shared_drives_dlp_scan_logs,N/A,비정형 데이터 드라이브 내 개인정보 누출(DLP) 검색 범위 이탈,보류,HOLD
CL-03,AML - Round-tripping,Registered,Unimplemented,E,"PII 파일 스캐닝, 포렌식 계열사 거래 검토, 노무상 불이익 조정 확인 및 SOX 설계 평가서는 회계 감사 범위 제외",general_ledger_remittance_loops_forensic,N/A,비즈니스 타당성 없는 자금 순환 거래에 대한 정성적 포렌식 감사 영역,보류,HOLD
CL-04,Sanctions Hit,Registered,Unimplemented,B,"GL 외에 지역별 부패 지수 마스터, UN/OFAC 제재 대상 벤더 데이터베이스 및 경쟁업체 명단 매핑 필요","entity_id (vendor), ofac_un_sanction_lists_master",N/A,보조 데이터 모델(OFAC/UN 제재 명단 마스터 데이터베이스) 부재,보조 마스터 데이터 매핑표 설계 및 업로드 기능 개발,P2
CL-05,Whistleblower Retaliation,Registered,Unimplemented,E,"PII 파일 스캐닝, 포렌식 계열사 거래 검토, 노무상 불이익 조정 확인 및 SOX 설계 평가서는 회계 감사 범위 제외","hr_performance_reviews_qualitative, whistleblower_reports",N/A,내부 고발자에 대한 인사 불이익 조치 판별을 위한 주관적 인사/노무 판단 영역,보류,HOLD
CL-06,Export Control Breach,Registered,Unimplemented,E,"PII 파일 스캐닝, 포렌식 계열사 거래 검토, 노무상 불이익 조정 확인 및 SOX 설계 평가서는 회계 감사 범위 제외","customs_declaration_logs, export_control_classification_numbers",N/A,수출 규제 품목 분류 및 국가별 세관 통관 내역 대조 범위 이탈,보류,HOLD
CL-07,Antitrust Meeting,Registered,Unimplemented,B,"GL 외에 지역별 부패 지수 마스터, UN/OFAC 제재 대상 벤더 데이터베이스 및 경쟁업체 명단 매핑 필요","amount, competitor_name_list_master",N/A,보조 데이터 모델(동종 경쟁업체 및 특수 관계 리스트 마스터) 부재,보조 마스터 데이터 매핑표 설계 및 업로드 기능 개발,P2
CL-08,Insider Trading Signal,Registered,Unimplemented,E,"PII 파일 스캐닝, 포렌식 계열사 거래 검토, 노무상 불이익 조정 확인 및 SOX 설계 평가서는 회계 감사 범위 제외","executives_personal_stock_trades, inside_information_timelines",N/A,임직원 개인 주식 거래 내역 및 미공개 정보 취급 대장 연동 불가능,보류,HOLD
CL-09,SOX Control Failure,Registered,Unimplemented,E,"PII 파일 스캐닝, 포렌식 계열사 거래 검토, 노무상 불이익 조정 확인 및 SOX 설계 평가서는 회계 감사 범위 제외",sox_control_testing_sheets_qualitative,N/A,SOX 내부통제 설계/운영 효과성 평가에 대한 외부 회계사의 정성 테스트 영역,보류,HOLD
CL-10,Permit Expiry,Registered,Unimplemented,D,정부 인허가 유효성 검증을 위한 인허가 발급 정보 외부 정부기관 API 실시간 연동 필요,"business_license_expiry_dates, government_permit_registry_api",N/A,정부 인허가 조회 시스템 및 외부 기관 유효 기간 실시간 API 연동 부재,인허가 관리 외부 시스템 연계 개발,P3
ES-01,Greenwashing - Carbon,Registered,Unimplemented,E,"탄소배출 증빙 검토, 분쟁광물 공급망 추적, 아동 노동 보고서 및 오프라인 재해 대조는 제품 범위 이탈",carbon_offset_certificate_metadata,N/A,탄소배출권 인증서 진위 여부 및 이중 사용 방지 정성 평가 범위 이탈,보류 (ESG 비재무적 성과 및 ESG 실무 감사 영역),HOLD
ES-02,Conflict Minerals,Registered,Unimplemented,E,"탄소배출 증빙 검토, 분쟁광물 공급망 추적, 아동 노동 보고서 및 오프라인 재해 대조는 제품 범위 이탈",conflict_minerals_supply_chain_tracing_records,N/A,분쟁 광물(3TG) 공급망 추적 보고서 분석 및 현지 실사 감사 영역,보류 (ESG 비재무적 성과 및 ESG 실무 감사 영역),HOLD
ES-03,Child Labor Indicator,Registered,Unimplemented,E,"탄소배출 증빙 검토, 분쟁광물 공급망 추적, 아동 노동 보고서 및 오프라인 재해 대조는 제품 범위 이탈",factory_labor_audit_reports,N/A,공장 근로 아동 실태 조사 보고서 정성 분석 범위 이탈,보류 (ESG 비재무적 성과 및 ESG 실무 감사 영역),HOLD
ES-04,Toxic Waste Dumping,Registered,Unimplemented,E,"탄소배출 증빙 검토, 분쟁광물 공급망 추적, 아동 노동 보고서 및 오프라인 재해 대조는 제품 범위 이탈","toxic_waste_disposal_invoices, production_mass_balance_reports",N/A,환경 오염 물질 배출량 실측 및 폐기 명세 대조 정성 감사 범위 이탈,보류 (ESG 비재무적 성과 및 ESG 실무 감사 영역),HOLD
ES-05,Diversity Quota Fraud,Registered,Unimplemented,E,"탄소배출 증빙 검토, 분쟁광물 공급망 추적, 아동 노동 보고서 및 오프라인 재해 대조는 제품 범위 이탈",contractor_labor_status_audit_sheets,N/A,도급 인력의 상근 상태 및 인사 분류 정성 감사 범위 이탈,보류 (ESG 비재무적 성과 및 ESG 실무 감사 영역),HOLD
ES-06,Safety Accident Cover-up,Registered,Unimplemented,E,"탄소배출 증빙 검토, 분쟁광물 공급망 추적, 아동 노동 보고서 및 오프라인 재해 대조는 제품 범위 이탈","petty_cash_receipts_medical_expense, lost_time_injury_logs",N/A,사고 은폐 방지를 위한 오프라인 재해 현장 대조 및 사내 소액현금 수기 검토 영역,보류 (ESG 비재무적 성과 및 ESG 실무 감사 영역),HOLD
EX-01,Spilling Receipt,Registered,Unimplemented,C,실제 사용일자 및 승인시간 등은 GL 전표일자 및 기입시간과 상이하므로 카드 승인내역 원천 파일 매칭이 필수적임,"amount, event_timestamp, card_number, vendor",N/A,카드 승인 내역의 초 단위 실시간 거래 타임스탬프 데이터 부재,추가 원천 데이터 업로드 테이블 설계 및 파이프라인 개발,P2
EX-02,Weekend/Night Usage,Registered,Unimplemented,C,실제 사용일자 및 승인시간 등은 GL 전표일자 및 기입시간과 상이하므로 카드 승인내역 원천 파일 매칭이 필수적임,"amount, event_date, event_time",N/A,카드 승인 상세 일시(주말/심야 실제 사용 시간대) 대조 데이터 부재,추가 원천 데이터 업로드 테이블 설계 및 파이프라인 개발,P2
EX-03,Remote Area Travel,Registered,Unimplemented,C,실제 사용일자 및 승인시간 등은 GL 전표일자 및 기입시간과 상이하므로 카드 승인내역 원천 파일 매칭이 필수적임,"amount, event_date, vendor_location, employee_office_location",N/A,카드 실제 승인 가맹점 위치 정보 및 임직원 소속/근무지 마스터 부재,추가 원천 데이터 업로드 테이블 설계 및 파이프라인 개발,P2
EX-04,Luxury Item Purchase,Registered,Implemented,C,"법인카드 승인 내역의 실제 가맹점 정보가 필요하며, GL 전표 정보만으로는 적발 시 오탐 발생 위험이 높음","amount, event_date, vendor (entity_id), description",src-tauri/src/compliance_dd_flow.rs (run_compliance_check_flow),None (Implemented),None (Monitor performance),P1
EX-05,Duplicate Airfare,Registered,Unimplemented,C,실제 사용일자 및 승인시간 등은 GL 전표일자 및 기입시간과 상이하므로 카드 승인내역 원천 파일 매칭이 필수적임,"flight_booking_details, reimbursement_claims_ledger, card_transactions",N/A,개인 실비 청구 내역과 법인카드 승인 내역의 교차 대조용 원천 데이터 부재,추가 원천 데이터 업로드 테이블 설계 및 파이프라인 개발,P2
EX-06,Mileage Personal Gain,Registered,Unimplemented,C,실제 사용일자 및 승인시간 등은 GL 전표일자 및 기입시간과 상이하므로 카드 승인내역 원천 파일 매칭이 필수적임,"airline_travel_logs, corporate_mileage_statements, employee_id",N/A,항공사 마일리지 적립 정보 및 임직원 마일리지 계정 원천 데이터 부재,추가 원천 데이터 업로드 테이블 설계 및 파이프라인 개발,P2
EX-07,No-show Refund Fraud,Registered,Unimplemented,C,실제 사용일자 및 승인시간 등은 GL 전표일자 및 기입시간과 상이하므로 카드 승인내역 원천 파일 매칭이 필수적임,"travel_agency_refund_notices, card_refund_credits, booking_id",N/A,외부 여행사 환불 알림 데이터 및 취소 내역 원천 데이터 부재,추가 원천 데이터 업로드 테이블 설계 및 파이프라인 개발,P2
EX-08,Hidden Entertainment,Registered,Unimplemented,C,실제 사용일자 및 승인시간 등은 GL 전표일자 및 기입시간과 상이하므로 카드 승인내역 원천 파일 매칭이 필수적임,"amount, account_code, description, department_budget_policy",N/A,카드 승인 원장 가맹점 상세 카테고리와 부서별 예산 통제 정책 테이블 부재,추가 원천 데이터 업로드 테이블 설계 및 파이프라인 개발,P2
EX-09,Commuter Fuel Abuse,Registered,Unimplemented,C,실제 사용일자 및 승인시간 등은 GL 전표일자 및 기입시간과 상이하므로 카드 승인내역 원천 파일 매칭이 필수적임,"fuel_card_receipts, vehicle_gps_logs, odometer_readings",N/A,업무용 차량 운행 일지(GPS) 및 주유 카드 승인 상세 데이터 부재,추가 원천 데이터 업로드 테이블 설계 및 파이프라인 개발,P2
EX-10,Subscription Shadow IT,Registered,Unimplemented,C,실제 사용일자 및 승인시간 등은 GL 전표일자 및 기입시간과 상이하므로 카드 승인내역 원천 파일 매칭이 필수적임,"amount, vendor (entity_id), approved_software_list",N/A,허용된 IT 구독 서비스 화이트리스트 및 법인카드 매월 정기 결제 내역 부재,추가 원천 데이터 업로드 테이블 설계 및 파이프라인 개발,P2
FA-01,Inter-office Suspense,Registered,Unimplemented,A,"GL 상의 임시 계정 코드, 일자, 적요, 수동 분개 구분값만으로 판단 가능","account_code, amount, event_date, clearance_status",N/A,임시 계정(가지급금/가수금) 결산 연령 분석(90일 초과 방치) 탐지 로직 미구현,개발 계획 수립 및 Sprint 8 Rust 판정 로직 구현,P0
FA-02,Manual Journal Abuse,Registered,Unimplemented,A,"GL 상의 임시 계정 코드, 일자, 적요, 수동 분개 구분값만으로 판단 가능","account_code, amount, event_date, posting_time, is_manual_journal",N/A,수동 분개 식별 필드 검증 및 비업무시간 수동 분개 탐지 로직 미구현,개발 계획 수립 및 Sprint 8 Rust 판정 로직 구현,P0
FA-03,FX Gain Shifting,Registered,Unimplemented,B,"GL 외에 고시 환율 테이블, 세액 환급 계정 매핑표 등 간단한 매핑 마스터 필요","amount, account_code, fx_rate_table, intercompany_policy",N/A,보조 데이터 모델(일자별 고시 환율 테이블 및 내부 정산 정책) 부재,보조 마스터 데이터 매핑표 설계 및 업로드 기능 개발,P2
FA-04,Expense Under-accrual,Registered,Unimplemented,A,"GL 상의 임시 계정 코드, 일자, 적요, 수동 분개 구분값만으로 판단 가능","account_code, amount, event_date, description",N/A,회계 기말 전후 전표 결산 컷오프(당기 비용 차기 이월) 검증 로직 미구현,개발 계획 수립 및 Sprint 8 Rust 판정 로직 구현,P0
FA-05,Tax Refund Leakage,Registered,Unimplemented,B,"GL 외에 고시 환율 테이블, 세액 환급 계정 매핑표 등 간단한 매핑 마스터 필요","amount, account_code, vat_refund_mapping_table",N/A,보조 데이터 모델(부가세 환급 대상 계정 매핑 및 대조 테이블) 부재,보조 마스터 데이터 매핑표 설계 및 업로드 기능 개발,P2
FA-06,Asset Capitalization Bias,Registered,Unimplemented,A,"GL 계정 코드 분류 및 분개 차/대변 분석, 특정 적요 키워드 필터링만으로 판단 가능","account_code, amount, description",N/A,수선비 등 비용 계정과 자산화 대상 계정 간의 금액 비율 비교 검증 로직 미구현,차기 스프린트 개발 대상 등록 및 탐지 알고리즘 설계,P1
FA-07,Dividend Compliance,Registered,Unimplemented,A,"GL 계정 코드 분류 및 분개 차/대변 분석, 특정 적요 키워드 필터링만으로 판단 가능","account_code, amount, event_date",N/A,배당금 지급 계정의 적격성 판단 및 기입 한도 검증 로직 미구현,차기 스프린트 개발 대상 등록 및 탐지 알고리즘 설계,P1
FA-08,Restricted Cash Leak,Registered,Unimplemented,A,"GL 계정 코드 분류 및 분개 차/대변 분석, 특정 적요 키워드 필터링만으로 판단 가능","account_code, amount, event_date",N/A,특정 제한 예치금 계정에서의 비정상 인출 거래 필터링 로직 미구현,차기 스프린트 개발 대상 등록 및 탐지 알고리즘 설계,P1
FA-09,Related Party Omission,Registered,Unimplemented,A,"GL 계정 코드 분류 및 분개 차/대변 분석, 특정 적요 키워드 필터링만으로 판단 가능","account_code, amount, entity_id (vendor), description",N/A,특수관계자 거래 키워드 및 대조 리스트 탐지 로직 미구현,차기 스프린트 개발 대상 등록 및 탐지 알고리즘 설계,P1
FA-10,Audit Trail Deletion,Registered,Unimplemented,D,ERP 시스템 접속 이력 또는 DB 감사 로그 원천 연동 없이는 검사 불가능,"db_audit_logs, database_access_credentials_log",N/A,DBMS 시스템 감사 로그 및 DB 접근 이력 데이터 연동 파이프라인 부재,시스템 감사 로그(Syslog/SIEM) API 연동 아키텍처 수립 및 연계 모듈 개발,P3
FF-01,Rapid Money Cycling (Ping-pong),Registered,Unimplemented,C,실제 송금 수취인 실명 확인용 은행 거래 명세서 및 펌뱅킹 이체 거래 원천 정보 적재 필수,"bank_transaction_logs, counterparty_account_owner_mapping, transfer_flow",N/A,은행 계좌 실시간 송수금 상세 거래 내역 원천 데이터 부재,추가 원천 데이터 업로드 테이블 설계 및 파이프라인 개발,P2
FF-02,Lapping & Ledger Delay,Registered,Unimplemented,C,실제 송금 수취인 실명 확인용 은행 거래 명세서 및 펌뱅킹 이체 거래 원천 정보 적재 필수,"bank_inflow_outflow_logs, general_ledger_booking_dates, cash_receipt_logs",N/A,실제 은행 입출금 일자와 전표 기입 일자 크로스 매칭용 은행 원천 데이터 부재,추가 원천 데이터 업로드 테이블 설계 및 파이프라인 개발,P2
FF-03,Registered Vendor Mismatch,Registered,Unimplemented,C,실제 송금 수취인 실명 확인용 은행 거래 명세서 및 펌뱅킹 이체 거래 원천 정보 적재 필수,"bank_transaction_recipient_names, vendor_master_bank_details, employee_bank_accounts",N/A,은행 송금 수취인 실명(임직원 계좌 여부)과 전표 거래처 간 대조용 은행 원천 데이터 부재,추가 원천 데이터 업로드 테이블 설계 및 파이프라인 개발,P2
FF-04,Structured Threshold Monitor,Registered,Unimplemented,A,GL 분개 중 동일 거래처 대상 특정 단기 내 누적 금액 임계치 분석만으로 판단 가능,"amount, event_date, entity_id (vendor)",N/A,동일 거래처에 대해 기준 한도 직전 다중 거래 발생 탐지 로직 미구현,개발 계획 수립 및 Rust 판정 로직 구현,P1
FF-05,Inactive Project Account Drain,Registered,Unimplemented,C,프로젝트 예산 관리 명세 및 계좌별 실물 입출금 원천 데이터 대조 필요,"project_accounting_ledger, bank_statements, amount",N/A,개별 프로젝트 예산 대장 및 장기 미집행 계정의 은행 거래 상세 데이터 부재,추가 원천 데이터 업로드 테이블 설계 및 파이프라인 개발,P2
HR-01,Ghost Payroll Entry,Registered,Unimplemented,C,"인사 마스터 정보 외에 실제 출퇴근 카드 태깅 시간, 퇴직금 계산 대장, 외부 교육 이수증 정보 등 추가 원천 대조 필요","payroll_ledger, employee_master, time_attendance_badge_logs",N/A,"인사 마스터와 급여 대장, 그리고 출퇴근 카드 태깅 기록 간의 삼자 대조용 원천 데이터 부재",추가 원천 데이터 업로드 테이블 설계 및 파이프라인 개발,P2
HR-02,Overtime Fraud,Registered,Unimplemented,C,"인사 마스터 정보 외에 실제 출퇴근 카드 태깅 시간, 퇴직금 계산 대장, 외부 교육 이수증 정보 등 추가 원천 대조 필요","overtime_claims_ledger, time_attendance_badge_logs",N/A,연장근로 신청 내역과 실제 게이트 출입 태깅 시간 대조용 원천 데이터 부재,추가 원천 데이터 업로드 테이블 설계 및 파이프라인 개발,P2
HR-03,Benefit Scoping,Registered,Unimplemented,C,"수혜 자격 요건 테이블, 항공 임차 계약 상세 내역 등 추가 원천 데이터 대조 필요","payroll_ledger, benefit_eligibility_rules",N/A,복리후생 지급 규정표 및 수혜 자격 조건 데이터베이스 부재,추가 원천 데이터 업로드 테이블 설계 및 파이프라인 개발,P3
HR-04,Severance Manipulation,Registered,Unimplemented,C,"인사 마스터 정보 외에 실제 출퇴근 카드 태깅 시간, 퇴직금 계산 대장, 외부 교육 이수증 정보 등 추가 원천 대조 필요","payroll_ledger, employment_contracts, severance_calc_sheets",N/A,"근로계약서상 입사일과 급여대장, 퇴직금 산정표 간의 이력 대조용 원천 데이터 부재",추가 원천 데이터 업로드 테이블 설계 및 파이프라인 개발,P2
HR-05,Ghost Training,Registered,Unimplemented,C,"인사 마스터 정보 외에 실제 출퇴근 카드 태깅 시간, 퇴직금 계산 대장, 외부 교육 이수증 정보 등 추가 원천 대조 필요","training_expense_ledger, training_attendance_lists, certificates_registry",N/A,교육비 지출 전표에 대응하는 외부 교육 이수증 및 교육 참석자 대장 원천 데이터 부재,추가 원천 데이터 업로드 테이블 설계 및 파이프라인 개발,P2
HR-06,Duplicate Benefit Payout,Registered,Unimplemented,C,"수혜 자격 요건 테이블, 항공 임차 계약 상세 내역 등 추가 원천 데이터 대조 필요","payroll_ledger, bonus_payment_register",N/A,동일 포상금 중복 지급 여부를 검증할 상세 성과급 원천 데이터 부재,추가 원천 데이터 업로드 테이블 설계 및 파이프라인 개발,P3
HR-07,Unauthorized Pay Raise,Registered,Unimplemented,C,"인사 마스터 정보 외에 실제 출퇴근 카드 태깅 시간, 퇴직금 계산 대장, 외부 교육 이수증 정보 등 추가 원천 대조 필요","hr_salary_table_logs, system_update_logs, loa_approval_logs",N/A,인사 급여 테이블 변경 내역 및 전결 승인 문서 원천 데이터 부재,추가 원천 데이터 업로드 테이블 설계 및 파이프라인 개발,P2
HR-08,Expat Housing Abuse,Registered,Unimplemented,C,"수혜 자격 요건 테이블, 항공 임차 계약 상세 내역 등 추가 원천 데이터 대조 필요","expat_housing_contracts, rental_payments_ledger",N/A,주외 주거 지원 계약서 정보 및 임차 대장 원천 데이터 부재,추가 원천 데이터 업로드 테이블 설계 및 파이프라인 개발,P3
HR-09,Family Hiring Proxy,Registered,Unimplemented,C,"수혜 자격 요건 테이블, 항공 임차 계약 상세 내역 등 추가 원천 데이터 대조 필요","employee_relatives_disclosure, payroll_ledger",N/A,친인척 관계 신고서 데이터베이스 및 임직원 신상 정보 원천 데이터 부재,추가 원천 데이터 업로드 테이블 설계 및 파이프라인 개발,P3
HR-10,Dossier Access Abuse,Registered,Unimplemented,E,인사 시스템의 개인 정보 접근 감사 로그 등은 회계 데이터 기반 비즈니스 감사 범위 제외,"iam_dossier_access_logs, employee_id",N/A,인사 시스템의 개인 정보 접근 상세 감사 로그 수집 범위 이탈,보류,HOLD
IN-01,Shrinkage Peak,Registered,Unimplemented,C,"SCM 물류센터 수불 원장, 이동 기록, 실물 실사 카운팅 시트 및 생산 BOM 등 대량의 SCM 추가 원천 데이터 필요","inventory_ledger, stock_movement_logs, physical_count_sheets",N/A,물류센터별 재고수불부 및 실사 조사 원량 데이터 부재,추가 원천 데이터 업로드 테이블 설계 및 파이프라인 개발,P2
IN-02,Phantom Inventory,Registered,Unimplemented,C,"SCM 물류센터 수불 원장, 이동 기록, 실물 실사 카운팅 시트 및 생산 BOM 등 대량의 SCM 추가 원천 데이터 필요","inventory_ledger, physical_count_sheets",N/A,전표상 재고 자산과 실제 물류센터 실사 조사 원천 데이터 부재,추가 원천 데이터 업로드 테이블 설계 및 파이프라인 개발,P2
IN-03,Obsolete Stock Concealment,Registered,Unimplemented,C,"SCM 물류센터 수불 원장, 이동 기록, 실물 실사 카운팅 시트 및 생산 BOM 등 대량의 SCM 추가 원천 데이터 필요","inventory_aging_report, stock_movement_logs",N/A,장기 미이동 재고 평가 분석표(Inventory Aging) 원천 데이터 부재,추가 원천 데이터 업로드 테이블 설계 및 파이프라인 개발,P2
IN-04,Inventory Cycle Abuse,Registered,Unimplemented,C,"SCM 물류센터 수불 원장, 이동 기록, 실물 실사 카운팅 시트 및 생산 BOM 등 대량의 SCM 추가 원천 데이터 필요","inventory_cycle_count_logs, physical_count_sheets",N/A,순환 실사 로그 및 실사 수량 정정 이력 상세 데이터 부재,추가 원천 데이터 업로드 테이블 설계 및 파이프라인 개발,P2
IN-05,Unauthorized Scrapping,Registered,Unimplemented,C,"SCM 물류센터 수불 원장, 이동 기록, 실물 실사 카운팅 시트 및 생산 BOM 등 대량의 SCM 추가 원천 데이터 필요","scrap_logs, physical_count_sheets, scrapped_items_specs",N/A,자재 폐기 대장 및 폐기 심사 결재 원천 데이터 부재,추가 원천 데이터 업로드 테이블 설계 및 파이프라인 개발,P2
IN-06,Valuation Skew,Registered,Unimplemented,C,"SCM 물류센터 수불 원장, 이동 기록, 실물 실사 카운팅 시트 및 생산 BOM 등 대량의 SCM 추가 원천 데이터 필요","inventory_valuation_ledger, unit_cost_calculation_sheets",N/A,선입선출법(FIFO) 또는 가중평균법 계산식 세부 명세 원천 데이터 부재,추가 원천 데이터 업로드 테이블 설계 및 파이프라인 개발,P2
IN-07,Loading Dock Weakness,Registered,Unimplemented,C,"SCM 물류센터 수불 원장, 이동 기록, 실물 실사 카운팅 시트 및 생산 BOM 등 대량의 SCM 추가 원천 데이터 필요","scm_gate_pass_logs, scm_shipping_logs",N/A,물류센터 정문 게이트 통과 차량 차량번호 및 화물 검수 원천 데이터 부재,추가 원천 데이터 업로드 테이블 설계 및 파이프라인 개발,P2
IN-08,Inter-company Transfer Loop,Registered,Unimplemented,C,"SCM 물류센터 수불 원장, 이동 기록, 실물 실사 카운팅 시트 및 생산 BOM 등 대량의 SCM 추가 원천 데이터 필요",inventory_stock_movement_transfer_logs,N/A,법인 내 지점/센터 간 재고 이전 상세 이력 원천 데이터 부재,추가 원천 데이터 업로드 테이블 설계 및 파이프라인 개발,P2
IN-09,Sample Asset Leakage,Registered,Unimplemented,C,"SCM 물류센터 수불 원장, 이동 기록, 실물 실사 카운팅 시트 및 생산 BOM 등 대량의 SCM 추가 원천 데이터 필요",sample_asset_tracking_logs,N/A,샘플 자재 반출 및 회수 내역 원장 데이터 부재,추가 원천 데이터 업로드 테이블 설계 및 파이프라인 개발,P2
IN-10,BOM Discrepancy,Registered,Unimplemented,C,"SCM 물류센터 수불 원장, 이동 기록, 실물 실사 카운팅 시트 및 생산 BOM 등 대량의 SCM 추가 원천 데이터 필요","production_bom_master, scm_stock_movements, production_yield_reports",N/A,제품 구성비(BOM) 마스터 정보 및 실제 자재 투입 이력 원천 데이터 부재,추가 원천 데이터 업로드 테이블 설계 및 파이프라인 개발,P2
IT-01,Access Privilege Escalation,Registered,Unimplemented,D,"Active Directory 관리자 로그, VPN 로그, SIEM 이벤트 허브 및 GitLab 커밋 정보 등 실시간 시스템 API 연동 필요","iam_privilege_logs, active_directory_api, system_audit_trails",N/A,계정 권한 관리(IAM) 및 Active Directory 계정 권한 부여 이력 API 연동 부재,IT/인프라 보안 시스템 API 연동 아키텍처 수립 및 연계 모듈 개발,P3
IT-02,Shadow IT Usage,Registered,Unimplemented,E,"네트워크 CASB 프록시, DLP 엔드포인트 로그, 자산 솔루션 데이터 등은 제품 정체성을 이탈하여 보류","network_casb_logs, dns_queries_log",N/A,사내 비승인 SaaS 사용량 모니터링을 위한 CASB/DNS 로그 수집 불가,보류,HOLD
IT-03,Data Exfiltration Signal,Registered,Unimplemented,E,"네트워크 CASB 프록시, DLP 엔드포인트 로그, 자산 솔루션 데이터 등은 제품 정체성을 이탈하여 보류","dlp_agent_logs, usb_storage_logs, email_attachment_logs",N/A,임직원 대량 다운로드 감지를 위한 정보유출방지(DLP) 시스템 로그 수집 불가,보류,HOLD
IT-04,Ghost Access,Registered,Unimplemented,D,"Active Directory 관리자 로그, VPN 로그, SIEM 이벤트 허브 및 GitLab 커밋 정보 등 실시간 시스템 API 연동 필요","iam_active_accounts, hr_employee_active_list_api",N/A,퇴사자 명단과 IAM 계정 활성 상태 간의 실시간 대조용 API 연동 부재,IT/인프라 보안 시스템 API 연동 아키텍처 수립 및 연계 모듈 개발,P3
IT-05,VPN Access Anomaly,Registered,Unimplemented,D,"Active Directory 관리자 로그, VPN 로그, SIEM 이벤트 허브 및 GitLab 커밋 정보 등 실시간 시스템 API 연동 필요","firewall_vpn_logs_api, ip_geolocation_database",N/A,사내 VPN 로그 및 방화벽 접속 IP 지오로케이션 조회 API 연동 부재,IT/인프라 보안 시스템 API 연동 아키텍처 수립 및 연계 모듈 개발,P3
IT-06,Backup Non-compliance,Registered,Unimplemented,E,"네트워크 CASB 프록시, DLP 엔드포인트 로그, 자산 솔루션 데이터 등은 제품 정체성을 이탈하여 보류","backup_system_restore_logs, backup_agent_configs",N/A,백업 복구 테스트 주기 통제를 위한 백업 솔루션 데이터 획득 불가,보류,HOLD
IT-07,System Log Inactivity,Registered,Unimplemented,D,"Active Directory 관리자 로그, VPN 로그, SIEM 이벤트 허브 및 GitLab 커밋 정보 등 실시간 시스템 API 연동 필요","siem_security_logs_api, critical_db_syslog_streams",N/A,보안 정보 이벤트 관리(SIEM) 시스템 및 critical DB syslog 스트림 API 연동 부재,IT/인프라 보안 시스템 API 연동 아키텍처 수립 및 연계 모듈 개발,P3
IT-08,Unpatched Vulnerability,Registered,Unimplemented,E,"네트워크 CASB 프록시, DLP 엔드포인트 로그, 자산 솔루션 데이터 등은 제품 정체성을 이탈하여 보류","security_vulnerability_scanner_logs, patch_management_logs",N/A,취약점 스캐너 및 패치 관리 솔루션 데이터 수집 불가,보류,HOLD
IT-09,Shared Account Usage,Registered,Unimplemented,E,"네트워크 CASB 프록시, DLP 엔드포인트 로그, 자산 솔루션 데이터 등은 제품 정체성을 이탈하여 보류","identity_monitoring_logs, multi_factor_authentication_logs",N/A,계정 동시 다발 접속 감지를 위한 인증 관리자 상세 데이터 획득 불가,보류,HOLD
IT-10,Dev/Ops SoD Violation,Registered,Unimplemented,D,"Active Directory 관리자 로그, VPN 로그, SIEM 이벤트 허브 및 GitLab 커밋 정보 등 실시간 시스템 API 연동 필요","github_gitlab_repository_api, cicd_deployment_access_logs_api",N/A,개발 리포지토리 커밋 정보와 배포 시스템 전결 API 연동 부재,IT/인프라 보안 시스템 API 연동 아키텍처 수립 및 연계 모듈 개발,P3
ITX-01,Rootkit Signal,Registered,Unimplemented,E,"시스템 바이너리 위변조, 포트 포워딩, API Key 누출, 랜섬웨어 및 보안 로그 Wiping 검사는 사이버 보안(SIEM/EDR) 영역으로 제품 범위 외","system_binary_file_metadata, endpoint_file_integrity_logs",N/A,OS 시스템 실행 파일 변조 여부(Rootkit) 감지를 위한 보안 로그 데이터 획득 불가능,보류 (제품 정체성 범위를 벗어난 보안 로그 감사 영역),HOLD
ITX-02,Unauthorized Port Forwarding,Registered,Unimplemented,E,"시스템 바이너리 위변조, 포트 포워딩, API Key 누출, 랜섬웨어 및 보안 로그 Wiping 검사는 사이버 보안(SIEM/EDR) 영역으로 제품 범위 외","network_traffic_analysis_logs, packet_capture_files",N/A,네트워크 프록시 및 비인가 포트 포워딩 감지를 위한 원천 네트워크 로그 수집 불가,보류 (제품 정체성 범위를 벗어난 보안 로그 감사 영역),HOLD
ITX-03,API Key Leakage,Registered,Unimplemented,E,"시스템 바이너리 위변조, 포트 포워딩, API Key 누출, 랜섬웨어 및 보안 로그 Wiping 검사는 사이버 보안(SIEM/EDR) 영역으로 제품 범위 외","source_code_repository_logs, git_commit_diffs",N/A,코드 리포지토리(GitHub 등) 소스코드 스캐닝 및 API 키 누출 탐지 데이터 범위 이탈,보류 (제품 정체성 범위를 벗어난 보안 로그 감사 영역),HOLD
ITX-04,Log Wiping,Registered,Unimplemented,E,"시스템 바이너리 위변조, 포트 포워딩, API Key 누출, 랜섬웨어 및 보안 로그 Wiping 검사는 사이버 보안(SIEM/EDR) 영역으로 제품 범위 외","system_event_logs_1102, security_event_log_cleared_events",N/A,윈도우 이벤트 로그 삭제(EventID 1102) 감지를 위한 OS 감사 로그 수집 불가,보류 (제품 정체성 범위를 벗어난 보안 로그 감사 영역),HOLD
ITX-05,Ransomware Precursor,Registered,Unimplemented,E,"시스템 바이너리 위변조, 포트 포워딩, API Key 누출, 랜섬웨어 및 보안 로그 Wiping 검사는 사이버 보안(SIEM/EDR) 영역으로 제품 범위 외","edr_agent_logs, endpoint_process_monitoring_logs, network_beacon_signals",N/A,랜섬웨어 침투 전조(PsExec/CobaltStrike) 감지를 위한 호스트 보안 프로세스 로그 획득 불가,보류 (제품 정체성 범위를 벗어난 보안 로그 감사 영역),HOLD
LDG-01,고액 상위 1% 전표 리스트,Registered,Implemented,A,GL의 분개 금액을 정렬하여 상위 1% 임계치 초과 여부 판단 가능,"amount, event_date, account_code, entity_id (vendor), description",src-tauri/src/ledger_engine.rs (run_ledger_only_scan),None (Implemented),None (Monitor performance),P1
LDG-02,라운드 금액 반복 패턴,Registered,Implemented,A,"GL의 분개 금액에 대해 100,000/1,000,000 등 라운드 금액의 반복 빈도수만으로 탐지 가능","amount, event_date, account_code, entity_id (vendor), description",src-tauri/src/ledger_engine.rs (run_ledger_only_scan),None (Implemented),None (Monitor performance),P1
LDG-03,동일 금액 반복 발생 (Short Interval),Registered,Unimplemented,A,"GL의 일자, 금액, 계정코드, 거래처 정보만을 비교 분석하여 판단 가능","amount, event_date, entity_id (vendor)",N/A,탐지 알고리즘(동일 거래처/금액 단기 반복 발생 탐지 루프) 미구현,개발 계획 수립 및 Sprint 8 Rust 판정 로직 구현,P0
LDG-04,주말 / 공휴일 고액 전표,Registered,Unimplemented,A,"GL의 일자, 금액, 계정코드, 거래처 정보만을 비교 분석하여 판단 가능","amount, event_date",N/A,탐지 알고리즘(주말/공휴일 고액 전표 필터 및 달력 연동) 미구현,개발 계획 수립 및 Sprint 8 Rust 판정 로직 구현,P0
LDG-05,계정 사용 액티비티 변동 (Account Volatility),Registered,Implemented,A,GL의 특정 계정별 월간 집행액 합계를 계산하여 이전 평균 대비 300% 급증 여부 판단 가능,"amount, event_date, account_code, entity_id (vendor), description",src-tauri/src/ledger_engine.rs (run_ledger_only_scan),None (Implemented),None (Monitor performance),P1
LDG-06,특정 부서 집중 거래 (Departmental Outlier),Registered,Implemented,A,GL의 특정 부서 및 특정 거래처 간의 지출 점유율(90% 이상) 계산만으로 탐지 가능,"amount, event_date, account_code, entity_id (vendor), dept",src-tauri/src/ledger_engine.rs (run_ledger_only_scan),None (Implemented),None (Monitor performance),P1
LDG-07,적요 키워드 위험 탐지,Registered,Implemented,A,GL의 전표 적요 텍스트 내 사전에 정의된 위험 키워드 포함 여부만으로 판단 가능,"amount, event_date, account_code, entity_id (vendor), description",src-tauri/src/ledger_engine.rs (run_ledger_only_scan),None (Implemented),None (Monitor performance),P1
LDG-08,승인 한도 경계선 거래 (Threshold Pattern),Registered,Unimplemented,A,"GL의 일자, 금액, 계정코드, 거래처 정보만을 비교 분석하여 판단 가능","amount, event_date, account_code",N/A,탐지 알고리즘(전결 권한 한도 직전 금액 경계선 거래 패턴 감지) 미구현,개발 계획 수립 및 Sprint 8 Rust 판정 로직 구현,P0
LDG-09,신규 원장/거래처 급증 (New Vendor Spike),Registered,Unimplemented,B,GL의 전표 거래 정보 외에 거래처 마스터의 신규 등록 정보 매핑 필요,"amount, event_date, entity_id (vendor), vendor_registration_date",N/A,보조 데이터 모델(거래처 마스터 내 신규 등록일자 속성) 부재,거래처 마스터 업로드 데이터 모델 설계 및 UI 파이프라인 구축,P2
LDG-10,벤더 노출도 분석 (Vendor Concentration),Registered,Unimplemented,A,"GL의 일자, 금액, 계정코드, 거래처 정보만을 비교 분석하여 판단 가능","amount, entity_id (vendor)",N/A,탐지 알고리즘(특정 벤더 매입 집중도 HHI/CR1 계산 로직) 미구현,개발 계획 수립 및 Sprint 8 Rust 판정 로직 구현,P0
PC-01,입찰 로테이션 (Bid Rotation),Registered,Unimplemented,C,"구매 RFP 제안 이력, 들러리 제안서 해시, 단가 설계 변경 대장 등 추가 원천 SCM 데이터 필요",bid_logs_rfq_submissions_history,N/A,입찰 시스템 내 제안 가격 및 낙찰 사이클 원천 데이터 부재,추가 원천 데이터 업로드 테이블 설계 및 파이프라인 개발,P2
PC-02,유령 입찰 (Phantom Bids),Registered,Unimplemented,C,"구매 RFP 제안 이력, 들러리 제안서 해시, 단가 설계 변경 대장 등 추가 원천 SCM 데이터 필요","bid_proposal_files, bid_logs_registry",N/A,들러리 입찰 식별용 입찰 제안서 문서 메타데이터 원천 데이터 부재,추가 원천 데이터 업로드 테이블 설계 및 파이프라인 개발,P2
PC-03,설계 변경 남용 (Change Order),Registered,Unimplemented,C,"구매 RFP 제안 이력, 들러리 제안서 해시, 단가 설계 변경 대장 등 추가 원천 SCM 데이터 필요","change_order_logs, contract_variations_history",N/A,설계 변경 로그 및 계약 세부 단가 조정 내역 원천 데이터 부재,추가 원천 데이터 업로드 테이블 설계 및 파이프라인 개발,P2
PC-04,Exclusive Distributor Mockery,Registered,Unimplemented,E,수의계약 정당성 평가 서본 텍스트에 대한 주관적 정성 분석이나 임직원과 벤더 간의 배임/리베이트 정밀 조사는 회계 감사 범위 제외,sole_source_justification_letters_text,N/A,단일 수의계약 정당성 평가 서신에 대한 비정형 텍스트 유사도 정성 평가 영역,보류,HOLD
PC-05,Inventory Parking,Registered,Unimplemented,C,"구매 RFP 제안 이력, 들러리 제안서 해시, 단가 설계 변경 대장 등 추가 원천 SCM 데이터 필요","supplier_inventory_reports, scm_stock_movement_logs",N/A,협력사 보관 재고 원장 및 SCM 재고 흐름 데이터 부재,추가 원천 데이터 업로드 테이블 설계 및 파이프라인 개발,P2
PC-06,Product Substitution,Registered,Unimplemented,C,"구매 RFP 제안 이력, 들러리 제안서 해시, 단가 설계 변경 대장 등 추가 원천 SCM 데이터 필요","receiving_quality_control_logs, purchase_specifications",N/A,자재 검수 성적서 및 구매 사양서(스펙 정보) 원천 데이터 부재,추가 원천 데이터 업로드 테이블 설계 및 파이프라인 개발,P2
PC-07,Kickback - Consultant,Registered,Unimplemented,E,수의계약 정당성 평가 서본 텍스트에 대한 주관적 정성 분석이나 임직원과 벤더 간의 배임/리베이트 정밀 조사는 회계 감사 범위 제외,"procurement_employee_relatives_master, consulting_company_ownership_registry",N/A,구매 담당자와 사외 자문 업체 간의 리베이트를 추적하기 위한 정밀 법률 조사/forensic 영역,보류,HOLD
PC-08,Emergency Purchase Loop,Registered,Unimplemented,C,"구매 RFP 제안 이력, 들러리 제안서 해시, 단가 설계 변경 대장 등 추가 원천 SCM 데이터 필요","rfq_logs, emergency_purchase_approvals_history",N/A,긴급 구매 사유서 승인 결재선 및 일상 구매 RFQ 로그 원천 데이터 부재,추가 원천 데이터 업로드 테이블 설계 및 파이프라인 개발,P2
PQ-01,Yield Manipulation,Registered,Unimplemented,C,"공장 에너지 검침 스마트 미터 로그, LIMS 실험실 감사 로그, 폐기물 배출량 보고서 등 비재무적 원천 제조 데이터 필수","production_yield_reports, scrap_records",N/A,공장 설비별 실제 제품 수율 보고서 원천 데이터 부재,추가 원천 데이터 업로드 테이블 설계 및 파이프라인 개발,P2
PQ-02,Defect Concealment,Registered,Unimplemented,C,"공장 에너지 검침 스마트 미터 로그, LIMS 실험실 감사 로그, 폐기물 배출량 보고서 등 비재무적 원천 제조 데이터 필수","shipping_records, qa_defect_logs",N/A,QA 결함 검출 이력 및 출하 통제 로그 원천 데이터 부재,추가 원천 데이터 업로드 테이블 설계 및 파이프라인 개발,P2
PQ-03,Maintenance Log Fraud,Registered,Unimplemented,C,"공장 에너지 검침 스마트 미터 로그, LIMS 실험실 감사 로그, 폐기물 배출량 보고서 등 비재무적 원천 제조 데이터 필수","maintenance_logs, technician_badge_attendance_logs",N/A,장비 유지보수 작업 일지 및 기술자 게이트 출입 태깅 로그 원천 데이터 부재,추가 원천 데이터 업로드 테이블 설계 및 파이프라인 개발,P2
PQ-04,Energy Usage Spike,Registered,Unimplemented,C,"공장 에너지 검침 스마트 미터 로그, LIMS 실험실 감사 로그, 폐기물 배출량 보고서 등 비재무적 원천 제조 데이터 필수","utility_bills, smart_meter_logs, production_output_volume",N/A,공장 스마트 미터기 전력 사용 로그 및 에너지 명세 데이터 부재,추가 원천 데이터 업로드 테이블 설계 및 파이프라인 개발,P2
PQ-05,Non-spec Material Use,Registered,Unimplemented,C,"공장 에너지 검침 스마트 미터 로그, LIMS 실험실 감사 로그, 폐기물 배출량 보고서 등 비재무적 원천 제조 데이터 필수","production_spec_logs, bom_master",N/A,실제 투입 자재 성분표 및 표준 BOM 배합 비율 데이터 부재,추가 원천 데이터 업로드 테이블 설계 및 파이프라인 개발,P2
PQ-06,Safety Incident Omission,Registered,Unimplemented,C,"공장 에너지 검침 스마트 미터 로그, LIMS 실험실 감사 로그, 폐기물 배출량 보고서 등 비재무적 원천 제조 데이터 필수","insurance_claims_records, internal_incident_logs",N/A,산재 보험 청구 내역 및 사내 안전 사고 대장 원천 데이터 부재,추가 원천 데이터 업로드 테이블 설계 및 파이프라인 개발,P2
PQ-07,QA Stamp Override,Registered,Unimplemented,C,"공장 에너지 검침 스마트 미터 로그, LIMS 실험실 감사 로그, 폐기물 배출량 보고서 등 비재무적 원천 제조 데이터 필수","lims_system_audit_logs, qa_result_db_updates",N/A,연구소 실험정보관리시스템(LIMS) 변경 로그 원천 데이터 부재,추가 원천 데이터 업로드 테이블 설계 및 파이프라인 개발,P2
PQ-08,Excessive Down-time,Registered,Unimplemented,C,"공장 에너지 검침 스마트 미터 로그, LIMS 실험실 감사 로그, 폐기물 배출량 보고서 등 비재무적 원천 제조 데이터 필수","machine_downtime_logs, production_run_logs",N/A,설비 비동작 시간 로그 및 생산 실적 대조 원천 데이터 부재,추가 원천 데이터 업로드 테이블 설계 및 파이프라인 개발,P2
PQ-09,Subcontractor Over-usage,Registered,Unimplemented,C,"공장 에너지 검침 스마트 미터 로그, LIMS 실험실 감사 로그, 폐기물 배출량 보고서 등 비재무적 원천 제조 데이터 필수","subcontractor_work_logs, outsourced_timesheets",N/A,외주 가공 업체 투입 공수 대장 및 작업 증빙 원천 데이터 부재,추가 원천 데이터 업로드 테이블 설계 및 파이프라인 개발,P2
PQ-10,Storage Condition Breach,Registered,Unimplemented,C,"공장 에너지 검침 스마트 미터 로그, LIMS 실험실 감사 로그, 폐기물 배출량 보고서 등 비재무적 원천 제조 데이터 필수","warehouse_temperature_sensor_logs, humidity_sensor_logs",N/A,보관 창고 온도/습도 IoT 센서 실시간 로그 데이터 부재,추가 원천 데이터 업로드 테이블 설계 및 파이프라인 개발,P2
PR-01,담합 의심 (Bid-rigging),Registered,Unimplemented,C,"입찰 시스템 로그, 시장 단가 데이터베이스, 선급 계약서 진척 정보 등 추가 원천 데이터 적재 필요","bid_proposal_hashes, rfq_portal_access_logs, vendor_ip_addresses",N/A,구매 입찰 시스템의 제안서 파일 해시값 및 접속 기기 정보(IP) 원천 데이터 부재,추가 원천 데이터 업로드 테이블 설계 및 파이프라인 개발,P2
PR-02,품의 분할 (Split PO),Registered,Implemented,A,"GL의 분개 금액, 거래 일자, 거래처 정보만으로 단시간 내 PO 분할 탐지 가능","debit_amount, credit_amount, event_date, entity_id (vendor), description",src-tauri/src/flux_engine.rs (FluxEngine::run_correlations),None (Implemented),None (Monitor performance),P1
PR-03,시장가 격차 (Market Price Gap),Registered,Unimplemented,C,"입찰 시스템 로그, 시장 단가 데이터베이스, 선급 계약서 진척 정보 등 추가 원천 데이터 적재 필요","purchase_items_catalog, external_market_benchmark_prices, amount",N/A,외부 원자재/용역 시장 표준 단가표 및 마켓 벤치마크 데이터베이스 부재,추가 원천 데이터 업로드 테이블 설계 및 파이프라인 개발,P2
PR-04,Conflict of Interest,Registered,Unimplemented,B,"GL 외에 임직원 관계 레지스트리, 단일 공급원 승인대장 등 보조 마스터 정보 매핑 필요","entity_id (vendor), vendor_address, employee_address_master, relatives_registry",N/A,보조 데이터 모델(임직원 주소 정보 및 친인척 관계도 데이터베이스) 부재,보조 마스터 데이터 매핑표 설계 및 업로드 기능 개발,P2
PR-05,Sole Source Overreliance,Registered,Unimplemented,B,"GL 외에 임직원 관계 레지스트리, 단일 공급원 승인대장 등 보조 마스터 정보 매핑 필요","entity_id (vendor), approved_vendor_list, sole_source_justification_log",N/A,보조 데이터 모델(단일 공급원 예외 승인 이력 데이터베이스) 부재,보조 마스터 데이터 매핑표 설계 및 업로드 기능 개발,P2
PR-06,Zombie Vendor Payments,Registered,Unimplemented,D,국세청 휴폐업 여부 검증용 외부 API 실시간 연동 없이는 정확한 판정 불가,"entity_id (vendor), nts_business_status_api, vendor_master",N/A,국세청 휴폐업 여부 실시간 조회 API 및 연계 마스터 데이터베이스 부재,국세청 사업자 등록 상태 조회 외부 API 연동 기능 개발,P2
PR-07,Kickback Signal,Registered,Unimplemented,B,"GL 외에 임직원 관계 레지스트리, 단일 공급원 승인대장 등 보조 마스터 정보 매핑 필요","entity_id (vendor), approved_vendor_list, kickback_vendor_watch_list",N/A,보조 데이터 모델(집중 감시 거래처 블랙리스트/화이트리스트 정보) 부재,보조 마스터 데이터 매핑표 설계 및 업로드 기능 개발,P2
PR-08,Contract Variation Abuse,Registered,Unimplemented,C,"입찰 시스템 로그, 시장 단가 데이터베이스, 선급 계약서 진척 정보 등 추가 원천 데이터 적재 필요","purchase_order_history, contract_variation_agreement_docs",N/A,계약 변경 합의서 문서 및 누적 단가 인상 이력 상세 원천 데이터 부재,추가 원천 데이터 업로드 테이블 설계 및 파이프라인 개발,P2
PR-09,Unauthorized Vendor,Registered,Unimplemented,B,GL의 거래처 정보와 승인된 거래처 화이트리스트(Vendor Master) 간의 비교 매핑 필요,"amount, entity_id (vendor), approved_vendor_list",N/A,보조 데이터 모델(승인 거래처 마스터 - Approved Vendor List) 부재,승인 거래처 마스터 업로드 데이터 모델 설계 및 UI 파이프라인 구축,P0
PR-10,Advance Payment Non-performance,Registered,Unimplemented,C,"입찰 시스템 로그, 시장 단가 데이터베이스, 선급 계약서 진척 정보 등 추가 원천 데이터 적재 필요","project_milestone_reports, project_progress_logs, advance_payments_ledger",N/A,선급금 지급 대장과 연동할 실제 프로젝트 산출물/진척도 로그 원천 데이터 부재,추가 원천 데이터 업로드 테이블 설계 및 파이프라인 개발,P2
RV-01,Bill and Hold Scheme,Registered,Unimplemented,C,"실제 출하 내역, 공정 진척 확인서, 고객 인수증 등 추가 원천 증빙 정보 적재 필요","shipping_logs, sales_invoices",N/A,매출 인식 전표와 실제 출하 일자 크로스 매칭용 원천 데이터 부재,추가 원천 데이터 업로드 테이블 설계 및 파이프라인 개발,P3
RV-02,Side Letter Agreement,Registered,Unimplemented,E,"서신 내 이면 계약 주관적 정성 검토, 실질 지배력 판단(회계 기준 검토) 및 공정가치 평가는 정성 감사 영역","sales_contracts_text, side_letter_agreements_database",N/A,계약 서신 내 수기로 작성된 이면 합의 조항(반품권 등)에 대한 정성적 비정형 법률 검증 영역,보류,HOLD
RV-03,Round Tripping,Registered,Unimplemented,E,"서신 내 이면 계약 주관적 정성 검토, 실질 지배력 판단(회계 기준 검토) 및 공정가치 평가는 정성 감사 영역","sales_ledger, purchase_ledger, remittance_loops_forensic",N/A,특수관계자 간 실질적 경제 가치 없는 세금계산서 순환 흐름에 대한 정밀 포렌식 감사 영역,보류,HOLD
RV-04,Percentage of Completion Abuse,Registered,Unimplemented,C,"실제 출하 내역, 공정 진척 확인서, 고객 인수증 등 추가 원천 증빙 정보 적재 필요","project_milestone_completion_reports, engineering_specs",N/A,건설/SI 용역의 실제 진행률 검증용 외부 공정률 확인 원천 데이터 부재,추가 원천 데이터 업로드 테이블 설계 및 파이프라인 개발,P3
RV-05,Cookie Jar Reserves,Registered,Unimplemented,E,"서신 내 이면 계약 주관적 정성 검토, 실질 지배력 판단(회계 기준 검토) 및 공정가치 평가는 정성 감사 영역","cookie_jar_provisions_analysis, historical_accruals_judgment",N/A,충당부채 설정액의 과대/과소 계상에 대한 회계 법인 수준의 회계 추정 적정성 정성 판단 영역,보류,HOLD
RV-06,Consignment as Sales,Registered,Unimplemented,C,"실제 출하 내역, 공정 진척 확인서, 고객 인수증 등 추가 원천 증빙 정보 적재 필요","consignment_inventories_ledger, distributor_sales_reports",N/A,위탁 대리점의 실제 실매출 확인원 및 위탁 재고 수량 원천 데이터 부재,추가 원천 데이터 업로드 테이블 설계 및 파이프라인 개발,P3
RV-07,Premature Recognition,Registered,Unimplemented,C,"실제 출하 내역, 공정 진척 확인서, 고객 인수증 등 추가 원천 증빙 정보 적재 필요",installation_acceptance_certificates,N/A,설치 완료 및 고객 검수 합격서 원본 대조용 원천 데이터 부재,추가 원천 데이터 업로드 테이블 설계 및 파이프라인 개발,P3
RV-08,Gross vs Net Presentation,Registered,Unimplemented,E,"서신 내 이면 계약 주관적 정성 검토, 실질 지배력 판단(회계 기준 검토) 및 공정가치 평가는 정성 감사 영역",principal_vs_agent_contracts_review,N/A,총액 매출 vs 순액 매출 표시에 대한 실질 지배력 판단(회계 기준 검토) 정성 분석 영역,보류,HOLD
RV-09,Barter Transaction,Registered,Unimplemented,E,"서신 내 이면 계약 주관적 정성 검토, 실질 지배력 판단(회계 기준 검토) 및 공정가치 평가는 정성 감사 영역",non_monetary_barter_agreements_valuation,N/A,이종 자산 간 교환 거래의 공정가치 평가에 대한 세무/감정평가 영역,보류,HOLD
RV-10,Related Party Pricing,Registered,Unimplemented,B,GL의 가격 정보 외에 특수관계자 마스터 리스트를 통한 매핑 및 비교 검증 필요,"amount, account_code, related_party_registry",N/A,보조 데이터 모델(특수관계자 리스트 매핑표) 부재,보조 마스터 데이터 매핑표 설계 및 업로드 기능 개발,P2
SA-01,Channel Stuffing,Registered,Unimplemented,C,"실제 출하/반품 물류 인도 로그, 여신 한도 결재 대장, 매출채권 Aging 원장 등 추가 원천 데이터 대조 필수","shipping_documents_delivery_dates, sales_invoices, amount",N/A,실제 자재 출하/배송 완료 증빙 일자 원천 데이터 부재,추가 원천 데이터 업로드 테이블 설계 및 파이프라인 개발,P2
SA-02,Unusual Returns,Registered,Unimplemented,C,"실제 출하/반품 물류 인도 로그, 여신 한도 결재 대장, 매출채권 Aging 원장 등 추가 원천 데이터 대조 필수","credit_notes_ledger, return_shipping_logs, amount",N/A,회계기초 대규모 반품 전표와 실제 물류 센터 입고 일자 대조용 원천 데이터 부재,추가 원천 데이터 업로드 테이블 설계 및 파이프라인 개발,P2
SA-03,Credit Limit Override,Registered,Unimplemented,C,"실제 출하/반품 물류 인도 로그, 여신 한도 결재 대장, 매출채권 Aging 원장 등 추가 원천 데이터 대조 필수","credit_approval_logs, credit_limit_master, sales_invoices",N/A,거래처별 여신 한도 한계값 및 임의 여신 승인 이력 원천 데이터 부재,추가 원천 데이터 업로드 테이블 설계 및 파이프라인 개발,P2
SA-04,AR Aging Manipulation,Registered,Unimplemented,C,"실제 출하/반품 물류 인도 로그, 여신 한도 결재 대장, 매출채권 Aging 원장 등 추가 원천 데이터 대조 필수","accounts_receivable_ledger_aging, cash_receipt_allocation_logs",N/A,매출채권 연령분석표(Aging Detail) 및 입금 대체 이력 원천 데이터 부재,추가 원천 데이터 업로드 테이블 설계 및 파이프라인 개발,P2
SA-05,Unauthorized Discounts,Registered,Unimplemented,C,"실제 출하/반품 물류 인도 로그, 여신 한도 결재 대장, 매출채권 Aging 원장 등 추가 원천 데이터 대조 필수","billing_adjustment_logs, sales_orders_approval_history",N/A,정규 결재 프로세스를 우회한 수동 매출 할인/조정 로그 원천 데이터 부재,추가 원천 데이터 업로드 테이블 설계 및 파이프라인 개발,P2
SA-06,Circular Trading,Registered,Unimplemented,D,국세청 매출/매입 세금계산서 이력 데이터 전수 연동 없이는 가상의 순환 거래 고리 식별 불가능,"sales_ledger, purchase_ledger, tax_invoice_registry_loops",N/A,국세청 세금계산서 순환 흐름을 분석할 매입/매출 세금계산서 전수 대조 API 부재,국세청 세금계산서 데이터 일괄 연동 모듈 설계,P2
SA-07,Revenue Cut-off Error,Registered,Unimplemented,C,"실제 출하/반품 물류 인도 로그, 여신 한도 결재 대장, 매출채권 Aging 원장 등 추가 원천 데이터 대조 필수","shipping_documents, sales_invoice_dates",N/A,매출 세금계산서 발행일과 실제 검수/인도 증빙 일자 대조용 원천 데이터 부재,추가 원천 데이터 업로드 테이블 설계 및 파이프라인 개발,P2
SA-08,Duplicate Sales Recognition,Registered,Unimplemented,C,"실제 출하/반품 물류 인도 로그, 여신 한도 결재 대장, 매출채권 Aging 원장 등 추가 원천 데이터 대조 필수","shipping_documents, sales_invoice_sku_tracking",N/A,동일한 출하 증빙 번호로 중복 매출이 계상되었는지 검증할 SKU 레벨 원천 데이터 부재,추가 원천 데이터 업로드 테이블 설계 및 파이프라인 개발,P2
SA-09,Customer Master Fraud,Registered,Unimplemented,D,ERP 마스터 데이터 변경 이력 테이블 및 실시간 데이터베이스 감사 로그 연동 필수,"customer_master_change_logs, sales_ledger",N/A,ERP 마스터 데이터 변경 이력 테이블 및 실시간 시스템 로그 연동 부재,ERP 변경 감사 로그(System Audit Log) 연동,P3
SA-10,Rebate Overcalculation,Registered,Unimplemented,C,"실제 출하/반품 물류 인도 로그, 여신 한도 결재 대장, 매출채권 Aging 원장 등 추가 원천 데이터 대조 필수","customer_sales_contracts, rebate_claims_logs, amount",N/A,대리점별 약정 할인율 및 판매 장려금 계산 원천 데이터 부재,추가 원천 데이터 업로드 테이블 설계 및 파이프라인 개발,P2
